<songs>
  <song name="PREPSONG">
    <title>Prepsong</title>
    <rhythm>xx.x.xx.o...x...o...x...o...x...o...x...o...x...o...x...o...x...o...x...o...x...o...x...o...x...o...x...o...x...o...x...x...x...xx.x.xx.o...x...o...x...o...x...o...x...o...x...o...x...o...x...o...x...o...x...o...x...o...x...o...x...o...x...o...x...x...x...</rhythm>
  </song>
  <song name="PREPSONG_VOX">
    <title>Prepsong</title>
    <rhythm>o...x...o...x...o...x...o...x...o...x...o...x...o...x...o...x...o...x...o...x...o...x...o...x...o...x...o...x...x...x...xx.x.xx.o...x...o...x...o...x...o...x...o...x...o...x...o...x...o...x...o...x...o...x...o...x...o...x...o...x...o...x...x...x...xx.x.xx.</rhythm>
  </song>
  <song name="sanik_escape">
    <title>SA2 OST - Escape from the City</title>
    <rhythm>o.xo.ox.o.xo.ox.o.xo.ox.o.xo.ox.o.xo.ox.o.xo.ox.o..o..o...x.o.x.</rhythm>
    <buildup>sanik_escape_buildup</buildup>
    <buildupRhythm>...o..o.‑.o.o.o.o..</buildupRhythm>
  </song>
</songs>