<images>
  <image name="Takako">
    <source>https://takako.moe/</source>
    <source_other>https://takako.moe/</source_other>
    <fullname>Takako Takamura</fullname>
    <align>center</align>
  </image>
  <image name="Other Takako">
    <source>https://takako.moe/</source>
    <source_other>https://takako.moe/</source_other>
    <fullname>Takako Takamura</fullname>
    <align>center</align>
  </image>
  <image name="Maid">
    <source>https://takako.moe/</source>
    <source_other>https://takako.moe/</source_other>
    <fullname>Takako Takamura</fullname>
    <align>center</align>
  </image>
  <image name="Taeko">
    <source>https://takako.moe/</source>
    <source_other>https://takako.moe/</source_other>
    <fullname>Taeko Takakura</fullname>
    <align>center</align>
  </image>
  <image name="Dogako">
    <source>https://takako.moe/</source>
    <source_other>https://takako.moe/</source_other>
    <fullname>Dogako Yapamura</fullname>
    <align>center</align>
  </image>
  <image name="More Takako">
    <source>https://takako.moe/</source>
    <source_other>https://takako.moe/</source_other>
    <fullname>Takako Takamura</fullname>
    <align>center</align>
  </image>
  <image name="Goshujin">
    <source>https://takako.moe/</source>
    <source_other>https://takako.moe/</source_other>
    <fullname>Goshujin</fullname>
    <align>center</align>
  </image>
</images>
